{
    "interactionModel": {
        "languageModel": {
            "invocationName": "gedanken lesen",
            "intents": [
                {
                    "name": "AMAZON.CancelIntent",
                    "samples": []
                },
                {
                    "name": "AMAZON.HelpIntent",
                    "samples": []
                },
                {
                    "name": "AMAZON.StopIntent",
                    "samples": []
                },
                {
                    "name": "AMAZON.NavigateHomeIntent",
                    "samples": []
                },
                {
                    "name": "AMAZON.FallbackIntent",
                    "samples": []
                },
                {
                    "name": "AMAZON.YesIntent",
                    "samples": [
						"kann ich",
					    "ja kann ich",
                        "kenne ich",
						"ja kenne ich",
						"die kenne ich",
                        "sehe ich",
						"ja sehe ich",
						"die sehe ich",						
                        "erkenne ich",
						"ja erkenne ich",
						"die erkenne ich",						
                        "ich kann sie sehen",
						"ja ich kann sie sehen",
						"ich kann es erkennen",
						"ja ich kann es erkennen",
						"ich kann sie erkennen",
						"ja ich kann sie erkennen",
                        "ich kenne die karte",
						"ja ich kenne die karte",
						"ich kenne die karte die ich gewählt habe",
						"ja ich kenne die karte die ich gewählt habe",
						"ich sehe die karte",
						"ja ich sehe die karte",
						"ich erkenne die karte",
						"ja ich erkenne die karte",
						"ich kenne sie",
						"ja ich kenne sie",
						"ich sehe sie",
						"ich sehe es",
						"ja ich sehe sie",
						"ja ich sehe es",
						"ich erkenne sie",
						"ich erkenne es",
						"ja ich erkenne sie",
						"ja ich erkenne es",
						"ja erkenne ich",
                        "ich sehe es gut",
						"ich erkenne es gut",
                        "ich sehe sie gut",
						"ich erkenne sie gut",
                        "ich halte sie in der hand",
                        "ich halte die karte in der hand",
                        "ja ich halte sie in der hand",
                        "ja ich halte die karte in der hand",
                        "na freilich",
                        "ich glaube schon",
						"ich glaube daran",
						"ich glaube dran",
                        "das glaube ich",
                        "ja das glaube ich",
                        "ja glaube ich",
                        "yes",
                        "ja",
                        "jawohl",
                        "na klar",
                        "ja klar",
                        "aber sicher",
                        "das geht",
                        "ja das geht",
                        "ich denke ja",
                        "kann ich",
                        "ich kenne sie",
                        "kenne ich",
                        "habe ich",
                        "ich denke schon",
                        "unbedingt",
						"ganz bestimmt",
                        "bestimmt",
                        "richtig",
                        "das ist richtig",
                        "stimmt",
                        "das stimmt",
                        "aber sowas von",
                        "wenn du es sagst",
                        "selbstverständlich"
                    ]
                },
                {
                    "name": "AMAZON.NoIntent",
                    "samples": [
                        "ich kann sie nicht sehen",
						"nein ich kann sie nicht sehen",
                        "ich kann die Karte nicht sehen",
						"nein ich kann die Karte nicht sehen",
						"ich kann meine Karte nicht sehen",
						"nein ich kann meine Karte nicht sehen",
                        "nein kann ich nicht",
                        "kann ich nicht",
						"ich sehe sie nicht",
                        "nein ich sehe sie nicht",
						"ich sehe die Karte nicht",
                        "nein ich sehe die Karte nicht",
						"ich sehe meine Karte nicht",
                        "nein ich sehe meine Karte nicht",                        
                        "nein ich kenne sie nicht",
                        "ich kenne sie nicht",
						"nein ich kenne sie nicht",
						"ich kenne die karte nicht",
						"nein ich kenne die karte nicht",
						"ich kenne meine karte nicht",
						"nein ich kenne meine karte nicht",
						"habe ich nicht",
						"nein habe ich nicht",
                        "ich habe die karte nicht",
						"nein ich habe die karte nicht",
						"ich habe die karte nicht in der Hand",
						"nein ich habe die karte nicht in der Hand",
						"ich habe meine karte nicht in der Hand",
						"nein ich habe meine karte nicht in der Hand",
						"ich habe die karte nicht in meiner Hand",
						"nein ich habe die karte nicht in meiner Hand",
						"ich habe meine karte nicht in meiner Hand",
						"nein ich habe meine karte nicht in meiner Hand",		
						"ich halte die karte nicht in der Hand",
						"nein ich halte die karte nicht in der Hand",
						"ich halte meine karte nicht in der Hand",
						"nein ich halte meine karte nicht in der Hand",
						"ich halte die karte nicht in meiner Hand",
						"nein ich halte die karte nicht in meiner Hand",
						"ich halte meine karte nicht in meiner Hand",
						"nein ich halte meine karte nicht in meiner Hand",
                        "nein das glaube ich nicht",
                        "das glaube ich nicht",
                        "nein glaub ich nicht",
                        "glaub ich nicht",
                        "nein da glaube ich nicht dran",
                        "da glaube ich nicht dran",
                        "daran glaube ich nicht",
                        "ich glaube nicht daran",
                        "never ever",
                        "noch nicht",
                        "eher nein",
                        "eher nicht",
                        "no",
                        "nee",
                        "natürlich nicht",
                        "nicht wirklich",
						"immer noch nicht",
						"nein immer noch nicht",
						"daran glaube ich immer noch nicht",
						"nein daran glaube ich immer noch nicht",
						"ich glaube immer noch nicht daran",
						"nein ich glaube immer noch nicht daran",
                        "nein das geht nicht",
                        "das geht nicht",
                        "in hundert jahren nicht",
                        "niemals",
                        "nie im leben",
                        "nein ich denke nicht",
                        "ich denke nicht",
                        "falsch",
                        "nein falsch",
                        "das ist falsch",
                        "nein das ist falsch",
                        "stimmt nicht",
                        "nein stimmt nicht",
                        "das stimmt nicht",
                        "leider falsch",
                        "das ist leider falsch",
						"leider nein",
						"leider nicht",
                        "nein das stimmt nicht"
                    ]
                },
                {
                    "name": "ConfirmationIntent",
                    "slots": [],
                    "samples": [
                        "genau",
                        "wir sind bereit",
                        "wir sind fertig",
                        "ich bin bereit",
                        "ich bin fertig",
                        "bescheid",
                        "ja fertig",
                        "fertig",
                        "kann losgehen"                      
                    ]
                },
                {
                    "name": "NameIntent",
                    "slots": [
                        {
                            "name": "name",
                            "type": "AMAZON.DE_FIRST_NAME"
                        }
                    ],
                    "samples": [
                        "mein name lautet {name}",
                        "ich bin {name}",
                        "mein name ist {name}",
                        "ich heiße {name}",
						"du kannst {name} zu mir sagen",
						"du kannst mich {name} nennen",
						"sag {name} zu mir",
                        "ich bin unter den namen {name} bekannt",
                        "{name}"
                    ]
                }
            ],
            "types": []
        }
    }
}