{
  "manifest": {
    "apis": {
      "custom": {
        "endpoint": {
          "uri": "arn:aws:lambda:eu-west-1:590183935657:function:1fdf4de2-5d28-4d01-aba3-7614c38c7db3:Release_0"
        },
        "interfaces": [],
        "locales": {},
        "regions": {
          "NA": {
            "endpoint": {
              "uri": "arn:aws:lambda:us-east-1:590183935657:function:1fdf4de2-5d28-4d01-aba3-7614c38c7db3:Release_0"
            }
          },
          "EU": {
            "endpoint": {
              "uri": "arn:aws:lambda:eu-west-1:590183935657:function:1fdf4de2-5d28-4d01-aba3-7614c38c7db3:Release_0"
            }
          },
          "FE": {
            "endpoint": {
              "uri": "arn:aws:lambda:us-west-2:590183935657:function:1fdf4de2-5d28-4d01-aba3-7614c38c7db3:Release_0"
            }
          }
        }
      }
    },
    "manifestVersion": "1.0",
    "publishingInformation": {
      "distributionCountries": [],
      "isAvailableWorldwide": true,
      "locales": {
        "de-DE": {
          "name": "Rote Karte"
        }
      },
      "testingInstructions": "Sample Testing Instructions."
    }
  }
}