{
  "manifest": {
    "apis": {
      "custom": {
        "endpoint": {
          "uri": "arn:aws:lambda:eu-west-1:211125318485:function:aabcc62c-de47-4a9a-b92f-c826fc0438be:Release_0"
        },
        "interfaces": [],
        "locales": {},
        "regions": {
          "NA": {
            "endpoint": {
              "uri": "arn:aws:lambda:us-east-1:211125318485:function:aabcc62c-de47-4a9a-b92f-c826fc0438be:Release_0"
            }
          },
          "EU": {
            "endpoint": {
              "uri": "arn:aws:lambda:eu-west-1:211125318485:function:aabcc62c-de47-4a9a-b92f-c826fc0438be:Release_0"
            }
          },
          "FE": {
            "endpoint": {
              "uri": "arn:aws:lambda:us-west-2:211125318485:function:aabcc62c-de47-4a9a-b92f-c826fc0438be:Release_0"
            }
          }
        }
      }
    },
    "manifestVersion": "1.0",
    "publishingInformation": {
      "distributionCountries": [],
      "isAvailableWorldwide": true,
      "locales": {
        "de-DE": {
          "name": "Zaubertrick"
        }
      },
      "testingInstructions": "Sample Testing Instructions."
    }
  }
}